row_id,track,phase,model_label,source_file,reason
A::Gemma-3-TAIDE-12b-Chat__bf16::1-1::translated_hackerman::2::570a54d99dedc290,A,,Gemma-3-TAIDE-12b-Chat__bf16,C:\Users\jerry\Desktop\lab\0311\0520\results\from_second_model\track_a\Gemma-3-TAIDE-12b-Chat__bf16\results_Gemma-3-TAIDE-12b-Chat__bf16.json,absent_from_clean_csv
A::Gemma-3-TAIDE-12b-Chat__bf16::1-2::translated_hackerman::3::73edb132cbdb817d,A,,Gemma-3-TAIDE-12b-Chat__bf16,C:\Users\jerry\Desktop\lab\0311\0520\results\from_second_model\track_a\Gemma-3-TAIDE-12b-Chat__bf16\results_Gemma-3-TAIDE-12b-Chat__bf16.json,absent_from_clean_csv
A::Gemma-3-TAIDE-12b-Chat__bf16::1-3::translated_hackerman::4::d2e26ba7d8e4a77b,A,,Gemma-3-TAIDE-12b-Chat__bf16,C:\Users\jerry\Desktop\lab\0311\0520\results\from_second_model\track_a\Gemma-3-TAIDE-12b-Chat__bf16\results_Gemma-3-TAIDE-12b-Chat__bf16.json,absent_from_clean_csv
A::Gemma-3-TAIDE-12b-Chat__bf16::2-1::translated_dan::2::f769d2521d42f768,A,,Gemma-3-TAIDE-12b-Chat__bf16,C:\Users\jerry\Desktop\lab\0311\0520\results\from_second_model\track_a\Gemma-3-TAIDE-12b-Chat__bf16\results_Gemma-3-TAIDE-12b-Chat__bf16.json,absent_from_clean_csv
A::Gemma-3-TAIDE-12b-Chat__bf16::2-2::translated_dan::3::ab8fb01bc43bc8a3,A,,Gemma-3-TAIDE-12b-Chat__bf16,C:\Users\jerry\Desktop\lab\0311\0520\results\from_second_model\track_a\Gemma-3-TAIDE-12b-Chat__bf16\results_Gemma-3-TAIDE-12b-Chat__bf16.json,absent_from_clean_csv
A::Gemma-3-TAIDE-12b-Chat__bf16::2-3::translated_dan::4::e0d9eaa5d1b85ad4,A,,Gemma-3-TAIDE-12b-Chat__bf16,C:\Users\jerry\Desktop\lab\0311\0520\results\from_second_model\track_a\Gemma-3-TAIDE-12b-Chat__bf16\results_Gemma-3-TAIDE-12b-Chat__bf16.json,absent_from_clean_csv
A::Gemma-3-TAIDE-12b-Chat__bf16::3-1::translated_dan::2::e9d94bef5de6a1f3,A,,Gemma-3-TAIDE-12b-Chat__bf16,C:\Users\jerry\Desktop\lab\0311\0520\results\from_second_model\track_a\Gemma-3-TAIDE-12b-Chat__bf16\results_Gemma-3-TAIDE-12b-Chat__bf16.json,absent_from_clean_csv
A::Gemma-3-TAIDE-12b-Chat__bf16::3-1::translated_hackerman::2::e9d94bef5de6a1f3,A,,Gemma-3-TAIDE-12b-Chat__bf16,C:\Users\jerry\Desktop\lab\0311\0520\results\from_second_model\track_a\Gemma-3-TAIDE-12b-Chat__bf16\results_Gemma-3-TAIDE-12b-Chat__bf16.json,absent_from_clean_csv
A::Gemma-3-TAIDE-12b-Chat__bf16::3-2::translated_dan::3::74f02d4b8c5cfa23,A,,Gemma-3-TAIDE-12b-Chat__bf16,C:\Users\jerry\Desktop\lab\0311\0520\results\from_second_model\track_a\Gemma-3-TAIDE-12b-Chat__bf16\results_Gemma-3-TAIDE-12b-Chat__bf16.json,absent_from_clean_csv
A::Gemma-3-TAIDE-12b-Chat__bf16::3-2::translated_hackerman::3::74f02d4b8c5cfa23,A,,Gemma-3-TAIDE-12b-Chat__bf16,C:\Users\jerry\Desktop\lab\0311\0520\results\from_second_model\track_a\Gemma-3-TAIDE-12b-Chat__bf16\results_Gemma-3-TAIDE-12b-Chat__bf16.json,absent_from_clean_csv
A::Gemma-3-TAIDE-12b-Chat__bf16::3-3::translated_dan::4::f5c5d3153baa55f8,A,,Gemma-3-TAIDE-12b-Chat__bf16,C:\Users\jerry\Desktop\lab\0311\0520\results\from_second_model\track_a\Gemma-3-TAIDE-12b-Chat__bf16\results_Gemma-3-TAIDE-12b-Chat__bf16.json,absent_from_clean_csv
A::Gemma-3-TAIDE-12b-Chat__bf16::3-3::translated_hackerman::4::f5c5d3153baa55f8,A,,Gemma-3-TAIDE-12b-Chat__bf16,C:\Users\jerry\Desktop\lab\0311\0520\results\from_second_model\track_a\Gemma-3-TAIDE-12b-Chat__bf16\results_Gemma-3-TAIDE-12b-Chat__bf16.json,absent_from_clean_csv
A::breeze2-8b__bf16::1-1::translated_aim::2::570a54d99dedc290,A,,breeze2-8b__bf16,C:\Users\jerry\Desktop\lab\0311\0520\results\from_second_model\track_a\breeze2-8b__bf16\results_breeze2-8b__bf16.json,absent_from_clean_csv
A::breeze2-8b__bf16::1-1::translated_chadgpt::2::570a54d99dedc290,A,,breeze2-8b__bf16,C:\Users\jerry\Desktop\lab\0311\0520\results\from_second_model\track_a\breeze2-8b__bf16\results_breeze2-8b__bf16.json,absent_from_clean_csv
A::breeze2-8b__bf16::1-2::translated_aim::3::73edb132cbdb817d,A,,breeze2-8b__bf16,C:\Users\jerry\Desktop\lab\0311\0520\results\from_second_model\track_a\breeze2-8b__bf16\results_breeze2-8b__bf16.json,absent_from_clean_csv
A::breeze2-8b__bf16::1-2::translated_chadgpt::3::73edb132cbdb817d,A,,breeze2-8b__bf16,C:\Users\jerry\Desktop\lab\0311\0520\results\from_second_model\track_a\breeze2-8b__bf16\results_breeze2-8b__bf16.json,absent_from_clean_csv
A::breeze2-8b__bf16::1-3::translated_aim::4::d2e26ba7d8e4a77b,A,,breeze2-8b__bf16,C:\Users\jerry\Desktop\lab\0311\0520\results\from_second_model\track_a\breeze2-8b__bf16\results_breeze2-8b__bf16.json,absent_from_clean_csv
A::breeze2-8b__bf16::1-3::translated_chadgpt::4::d2e26ba7d8e4a77b,A,,breeze2-8b__bf16,C:\Users\jerry\Desktop\lab\0311\0520\results\from_second_model\track_a\breeze2-8b__bf16\results_breeze2-8b__bf16.json,absent_from_clean_csv
A::breeze2-8b__bf16::4-1::translated_aim::2::5605d108532336ea,A,,breeze2-8b__bf16,C:\Users\jerry\Desktop\lab\0311\0520\results\from_second_model\track_a\breeze2-8b__bf16\results_breeze2-8b__bf16.json,absent_from_clean_csv
A::breeze2-8b__bf16::4-2::translated_aim::3::96b58f66f4e8ffe0,A,,breeze2-8b__bf16,C:\Users\jerry\Desktop\lab\0311\0520\results\from_second_model\track_a\breeze2-8b__bf16\results_breeze2-8b__bf16.json,absent_from_clean_csv
A::breeze2-8b__bf16::4-3::translated_aim::4::862c30766a1da181,A,,breeze2-8b__bf16,C:\Users\jerry\Desktop\lab\0311\0520\results\from_second_model\track_a\breeze2-8b__bf16\results_breeze2-8b__bf16.json,absent_from_clean_csv
A::breeze2-8b__bf16::5-2::translated_deltagpt::3::b174aace74cd1398,A,,breeze2-8b__bf16,C:\Users\jerry\Desktop\lab\0311\0520\results\from_second_model\track_a\breeze2-8b__bf16\results_breeze2-8b__bf16.json,absent_from_clean_csv
A::breeze2-8b__bf16::5-3::translated_deltagpt::4::34573904370d0992,A,,breeze2-8b__bf16,C:\Users\jerry\Desktop\lab\0311\0520\results\from_second_model\track_a\breeze2-8b__bf16\results_breeze2-8b__bf16.json,absent_from_clean_csv
A::breeze2-8b__bf16::9-3::translated_con_per::4::db38ab28406e5f6c,A,,breeze2-8b__bf16,C:\Users\jerry\Desktop\lab\0311\0520\results\from_second_model\track_a\breeze2-8b__bf16\results_breeze2-8b__bf16.json,absent_from_clean_csv
A::ds-llama-8b__bf16::1-1::translated_antigpt::2::4e3ceb2f2e8170c2,A,,ds-llama-8b__bf16,C:\Users\jerry\Desktop\lab\0311\0520\results\from_second_model\track_a\ds-llama-8b__bf16\results_ds-llama-8b__bf16.json,absent_from_clean_csv
A::ds-llama-8b__bf16::1-2::translated_antigpt::3::95fbd5909aa4353c,A,,ds-llama-8b__bf16,C:\Users\jerry\Desktop\lab\0311\0520\results\from_second_model\track_a\ds-llama-8b__bf16\results_ds-llama-8b__bf16.json,absent_from_clean_csv
A::ds-llama-8b__bf16::1-3::translated_aim::4::300dc580c1b27f42,A,,ds-llama-8b__bf16,C:\Users\jerry\Desktop\lab\0311\0520\results\from_second_model\track_a\ds-llama-8b__bf16\results_ds-llama-8b__bf16.json,absent_from_clean_csv
A::ds-llama-8b__bf16::1-3::translated_antigpt::4::0245e44b2ef764ba,A,,ds-llama-8b__bf16,C:\Users\jerry\Desktop\lab\0311\0520\results\from_second_model\track_a\ds-llama-8b__bf16\results_ds-llama-8b__bf16.json,absent_from_clean_csv
A::ds-llama-8b__bf16::1-3::translated_dan::4::a4587d45957a2b06,A,,ds-llama-8b__bf16,C:\Users\jerry\Desktop\lab\0311\0520\results\from_second_model\track_a\ds-llama-8b__bf16\results_ds-llama-8b__bf16.json,absent_from_clean_csv
A::ds-llama-8b__bf16::10-1::translated_bh::2::c719a1b69ddbce64,A,,ds-llama-8b__bf16,C:\Users\jerry\Desktop\lab\0311\0520\results\from_second_model\track_a\ds-llama-8b__bf16\results_ds-llama-8b__bf16.json,absent_from_clean_csv
A::ds-llama-8b__bf16::10-2::translated_chadgpt::3::5a48f33cbf71a30f,A,,ds-llama-8b__bf16,C:\Users\jerry\Desktop\lab\0311\0520\results\from_second_model\track_a\ds-llama-8b__bf16\results_ds-llama-8b__bf16.json,absent_from_clean_csv
A::ds-llama-8b__bf16::2-1::translated_hackerman::2::e1ca7a812e73ea38,A,,ds-llama-8b__bf16,C:\Users\jerry\Desktop\lab\0311\0520\results\from_second_model\track_a\ds-llama-8b__bf16\results_ds-llama-8b__bf16.json,absent_from_clean_csv
A::ds-llama-8b__bf16::2-2::translated_aim::3::b7ecb9029445f0b1,A,,ds-llama-8b__bf16,C:\Users\jerry\Desktop\lab\0311\0520\results\from_second_model\track_a\ds-llama-8b__bf16\results_ds-llama-8b__bf16.json,absent_from_clean_csv
A::ds-llama-8b__bf16::2-3::translated_aim::4::524de58bf76bf708,A,,ds-llama-8b__bf16,C:\Users\jerry\Desktop\lab\0311\0520\results\from_second_model\track_a\ds-llama-8b__bf16\results_ds-llama-8b__bf16.json,absent_from_clean_csv
A::ds-llama-8b__bf16::2-3::translated_balakula::4::e615a4ac337bd7fb,A,,ds-llama-8b__bf16,C:\Users\jerry\Desktop\lab\0311\0520\results\from_second_model\track_a\ds-llama-8b__bf16\results_ds-llama-8b__bf16.json,absent_from_clean_csv
A::ds-llama-8b__bf16::2-3::translated_dan::4::3feb708dcc8d8311,A,,ds-llama-8b__bf16,C:\Users\jerry\Desktop\lab\0311\0520\results\from_second_model\track_a\ds-llama-8b__bf16\results_ds-llama-8b__bf16.json,absent_from_clean_csv
A::ds-llama-8b__bf16::3-0::translated_hackerman::1::41522507b781c1dd,A,,ds-llama-8b__bf16,C:\Users\jerry\Desktop\lab\0311\0520\results\from_second_model\track_a\ds-llama-8b__bf16\results_ds-llama-8b__bf16.json,absent_from_clean_csv
A::ds-llama-8b__bf16::3-1::translated_aim::2::d64ead24344e6625,A,,ds-llama-8b__bf16,C:\Users\jerry\Desktop\lab\0311\0520\results\from_second_model\track_a\ds-llama-8b__bf16\results_ds-llama-8b__bf16.json,absent_from_clean_csv
A::ds-llama-8b__bf16::3-1::translated_dan::2::191875dd00a3da60,A,,ds-llama-8b__bf16,C:\Users\jerry\Desktop\lab\0311\0520\results\from_second_model\track_a\ds-llama-8b__bf16\results_ds-llama-8b__bf16.json,absent_from_clean_csv
A::ds-llama-8b__bf16::3-1::translated_deltagpt::2::4d299733aea822d2,A,,ds-llama-8b__bf16,C:\Users\jerry\Desktop\lab\0311\0520\results\from_second_model\track_a\ds-llama-8b__bf16\results_ds-llama-8b__bf16.json,absent_from_clean_csv
A::ds-llama-8b__bf16::3-2::noAttack::3::dc2d9f333d87b9ac,A,,ds-llama-8b__bf16,C:\Users\jerry\Desktop\lab\0311\0520\results\from_second_model\track_a\ds-llama-8b__bf16\results_ds-llama-8b__bf16.json,absent_from_clean_csv
A::ds-llama-8b__bf16::3-2::translated_aim::3::c9ea6e603b3c3b4a,A,,ds-llama-8b__bf16,C:\Users\jerry\Desktop\lab\0311\0520\results\from_second_model\track_a\ds-llama-8b__bf16\results_ds-llama-8b__bf16.json,absent_from_clean_csv
A::ds-llama-8b__bf16::3-2::translated_dan::3::c9ea6e603b3c3b4a,A,,ds-llama-8b__bf16,C:\Users\jerry\Desktop\lab\0311\0520\results\from_second_model\track_a\ds-llama-8b__bf16\results_ds-llama-8b__bf16.json,absent_from_clean_csv
A::ds-llama-8b__bf16::3-2::translated_hackerman::3::c9ea6e603b3c3b4a,A,,ds-llama-8b__bf16,C:\Users\jerry\Desktop\lab\0311\0520\results\from_second_model\track_a\ds-llama-8b__bf16\results_ds-llama-8b__bf16.json,absent_from_clean_csv
A::ds-llama-8b__bf16::3-3::translated_aim::4::ba16fa9a6528b371,A,,ds-llama-8b__bf16,C:\Users\jerry\Desktop\lab\0311\0520\results\from_second_model\track_a\ds-llama-8b__bf16\results_ds-llama-8b__bf16.json,absent_from_clean_csv
A::ds-llama-8b__bf16::3-3::translated_dan::4::ba16fa9a6528b371,A,,ds-llama-8b__bf16,C:\Users\jerry\Desktop\lab\0311\0520\results\from_second_model\track_a\ds-llama-8b__bf16\results_ds-llama-8b__bf16.json,absent_from_clean_csv
A::ds-llama-8b__bf16::3-3::translated_hackerman::4::ba16fa9a6528b371,A,,ds-llama-8b__bf16,C:\Users\jerry\Desktop\lab\0311\0520\results\from_second_model\track_a\ds-llama-8b__bf16\results_ds-llama-8b__bf16.json,absent_from_clean_csv
A::ds-llama-8b__bf16::4-3::translated_aim::4::3f6dc0f0f2ef19f0,A,,ds-llama-8b__bf16,C:\Users\jerry\Desktop\lab\0311\0520\results\from_second_model\track_a\ds-llama-8b__bf16\results_ds-llama-8b__bf16.json,absent_from_clean_csv
A::ds-llama-8b__bf16::5-1::noAttack::2::93c14c187491b3e2,A,,ds-llama-8b__bf16,C:\Users\jerry\Desktop\lab\0311\0520\results\from_second_model\track_a\ds-llama-8b__bf16\results_ds-llama-8b__bf16.json,absent_from_clean_csv
A::ds-llama-8b__bf16::5-1::translated_aim::2::9673f605b77029ed,A,,ds-llama-8b__bf16,C:\Users\jerry\Desktop\lab\0311\0520\results\from_second_model\track_a\ds-llama-8b__bf16\results_ds-llama-8b__bf16.json,absent_from_clean_csv
A::ds-llama-8b__bf16::5-1::translated_antigpt::2::044822fa21b0ec25,A,,ds-llama-8b__bf16,C:\Users\jerry\Desktop\lab\0311\0520\results\from_second_model\track_a\ds-llama-8b__bf16\results_ds-llama-8b__bf16.json,absent_from_clean_csv
A::ds-llama-8b__bf16::5-1::translated_balakula::2::73303ad404345b09,A,,ds-llama-8b__bf16,C:\Users\jerry\Desktop\lab\0311\0520\results\from_second_model\track_a\ds-llama-8b__bf16\results_ds-llama-8b__bf16.json,absent_from_clean_csv
A::ds-llama-8b__bf16::5-1::translated_bh::2::69750da179255522,A,,ds-llama-8b__bf16,C:\Users\jerry\Desktop\lab\0311\0520\results\from_second_model\track_a\ds-llama-8b__bf16\results_ds-llama-8b__bf16.json,absent_from_clean_csv
A::ds-llama-8b__bf16::5-1::translated_chadgpt::2::af7a657f134f2775,A,,ds-llama-8b__bf16,C:\Users\jerry\Desktop\lab\0311\0520\results\from_second_model\track_a\ds-llama-8b__bf16\results_ds-llama-8b__bf16.json,absent_from_clean_csv
A::ds-llama-8b__bf16::5-1::translated_con_per::2::2b84b8c802b600b2,A,,ds-llama-8b__bf16,C:\Users\jerry\Desktop\lab\0311\0520\results\from_second_model\track_a\ds-llama-8b__bf16\results_ds-llama-8b__bf16.json,absent_from_clean_csv
A::ds-llama-8b__bf16::5-1::translated_dan::2::e2ffdf7fbf8a327f,A,,ds-llama-8b__bf16,C:\Users\jerry\Desktop\lab\0311\0520\results\from_second_model\track_a\ds-llama-8b__bf16\results_ds-llama-8b__bf16.json,absent_from_clean_csv
A::ds-llama-8b__bf16::5-1::translated_deltagpt::2::02de6f1284f15cdf,A,,ds-llama-8b__bf16,C:\Users\jerry\Desktop\lab\0311\0520\results\from_second_model\track_a\ds-llama-8b__bf16\results_ds-llama-8b__bf16.json,absent_from_clean_csv
A::ds-llama-8b__bf16::5-1::translated_devmode::2::29447c3e432dd739,A,,ds-llama-8b__bf16,C:\Users\jerry\Desktop\lab\0311\0520\results\from_second_model\track_a\ds-llama-8b__bf16\results_ds-llama-8b__bf16.json,absent_from_clean_csv
A::ds-llama-8b__bf16::5-1::translated_eva::2::088cd0c7ea074ccb,A,,ds-llama-8b__bf16,C:\Users\jerry\Desktop\lab\0311\0520\results\from_second_model\track_a\ds-llama-8b__bf16\results_ds-llama-8b__bf16.json,absent_from_clean_csv
A::ds-llama-8b__bf16::5-1::translated_evil::2::b267cebcc4ec8461,A,,ds-llama-8b__bf16,C:\Users\jerry\Desktop\lab\0311\0520\results\from_second_model\track_a\ds-llama-8b__bf16\results_ds-llama-8b__bf16.json,absent_from_clean_csv
A::ds-llama-8b__bf16::5-1::translated_hackerman::2::c63856ef1c9272a0,A,,ds-llama-8b__bf16,C:\Users\jerry\Desktop\lab\0311\0520\results\from_second_model\track_a\ds-llama-8b__bf16\results_ds-llama-8b__bf16.json,absent_from_clean_csv
A::ds-llama-8b__bf16::5-2::noAttack::3::04d7334ae95266e2,A,,ds-llama-8b__bf16,C:\Users\jerry\Desktop\lab\0311\0520\results\from_second_model\track_a\ds-llama-8b__bf16\results_ds-llama-8b__bf16.json,absent_from_clean_csv
A::ds-llama-8b__bf16::5-2::translated_balakula::3::0d8cad47fc12d3d0,A,,ds-llama-8b__bf16,C:\Users\jerry\Desktop\lab\0311\0520\results\from_second_model\track_a\ds-llama-8b__bf16\results_ds-llama-8b__bf16.json,absent_from_clean_csv
A::ds-llama-8b__bf16::5-2::translated_bh::3::6dda33014bb5b348,A,,ds-llama-8b__bf16,C:\Users\jerry\Desktop\lab\0311\0520\results\from_second_model\track_a\ds-llama-8b__bf16\results_ds-llama-8b__bf16.json,absent_from_clean_csv
A::ds-llama-8b__bf16::5-2::translated_chadgpt::3::bb66e03f4184e81f,A,,ds-llama-8b__bf16,C:\Users\jerry\Desktop\lab\0311\0520\results\from_second_model\track_a\ds-llama-8b__bf16\results_ds-llama-8b__bf16.json,absent_from_clean_csv
A::ds-llama-8b__bf16::5-2::translated_con_per::3::1af09941ecdfd12d,A,,ds-llama-8b__bf16,C:\Users\jerry\Desktop\lab\0311\0520\results\from_second_model\track_a\ds-llama-8b__bf16\results_ds-llama-8b__bf16.json,absent_from_clean_csv
A::ds-llama-8b__bf16::5-2::translated_dan::3::cb2a3e8e0152c2df,A,,ds-llama-8b__bf16,C:\Users\jerry\Desktop\lab\0311\0520\results\from_second_model\track_a\ds-llama-8b__bf16\results_ds-llama-8b__bf16.json,absent_from_clean_csv
A::ds-llama-8b__bf16::5-2::translated_devmode::3::c6022d77a513adf3,A,,ds-llama-8b__bf16,C:\Users\jerry\Desktop\lab\0311\0520\results\from_second_model\track_a\ds-llama-8b__bf16\results_ds-llama-8b__bf16.json,absent_from_clean_csv
A::ds-llama-8b__bf16::5-3::translated_aim::4::9a1297b967c2ea96,A,,ds-llama-8b__bf16,C:\Users\jerry\Desktop\lab\0311\0520\results\from_second_model\track_a\ds-llama-8b__bf16\results_ds-llama-8b__bf16.json,absent_from_clean_csv
A::ds-llama-8b__bf16::6-1::translated_devmode::2::d8ba45222dc48994,A,,ds-llama-8b__bf16,C:\Users\jerry\Desktop\lab\0311\0520\results\from_second_model\track_a\ds-llama-8b__bf16\results_ds-llama-8b__bf16.json,absent_from_clean_csv
A::ds-llama-8b__bf16::6-2::translated_bh::3::be27ac190bb684f2,A,,ds-llama-8b__bf16,C:\Users\jerry\Desktop\lab\0311\0520\results\from_second_model\track_a\ds-llama-8b__bf16\results_ds-llama-8b__bf16.json,absent_from_clean_csv
A::ds-llama-8b__bf16::7-2::translated_aim::3::5c40b80e315676b5,A,,ds-llama-8b__bf16,C:\Users\jerry\Desktop\lab\0311\0520\results\from_second_model\track_a\ds-llama-8b__bf16\results_ds-llama-8b__bf16.json,absent_from_clean_csv
A::ds-llama-8b__bf16::7-3::translated_dan::4::a21243f90167bc43,A,,ds-llama-8b__bf16,C:\Users\jerry\Desktop\lab\0311\0520\results\from_second_model\track_a\ds-llama-8b__bf16\results_ds-llama-8b__bf16.json,absent_from_clean_csv
A::ds-llama-8b__bf16::7-3::translated_deltagpt::4::bfed315a05bc7826,A,,ds-llama-8b__bf16,C:\Users\jerry\Desktop\lab\0311\0520\results\from_second_model\track_a\ds-llama-8b__bf16\results_ds-llama-8b__bf16.json,absent_from_clean_csv
A::ds-llama-8b__bf16::8-1::translated_evil::2::f74bf38632700a7b,A,,ds-llama-8b__bf16,C:\Users\jerry\Desktop\lab\0311\0520\results\from_second_model\track_a\ds-llama-8b__bf16\results_ds-llama-8b__bf16.json,absent_from_clean_csv
A::ds-llama-8b__bf16::8-1::translated_hackerman::2::4c8ad86f88255e4f,A,,ds-llama-8b__bf16,C:\Users\jerry\Desktop\lab\0311\0520\results\from_second_model\track_a\ds-llama-8b__bf16\results_ds-llama-8b__bf16.json,absent_from_clean_csv
A::ds-llama-8b__bf16::8-2::translated_devmode::3::38f71bb381fa3aad,A,,ds-llama-8b__bf16,C:\Users\jerry\Desktop\lab\0311\0520\results\from_second_model\track_a\ds-llama-8b__bf16\results_ds-llama-8b__bf16.json,absent_from_clean_csv
A::ds-llama-8b__bf16::8-3::translated_evil::4::4fc93253ae1f8bc2,A,,ds-llama-8b__bf16,C:\Users\jerry\Desktop\lab\0311\0520\results\from_second_model\track_a\ds-llama-8b__bf16\results_ds-llama-8b__bf16.json,absent_from_clean_csv
A::ds-llama-8b__bf16::9-2::translated_bh::3::ea1c015c5ab751e7,A,,ds-llama-8b__bf16,C:\Users\jerry\Desktop\lab\0311\0520\results\from_second_model\track_a\ds-llama-8b__bf16\results_ds-llama-8b__bf16.json,absent_from_clean_csv
A::ds-llama-8b__bf16::9-3::noAttack::4::2deb5934c6534495,A,,ds-llama-8b__bf16,C:\Users\jerry\Desktop\lab\0311\0520\results\from_second_model\track_a\ds-llama-8b__bf16\results_ds-llama-8b__bf16.json,absent_from_clean_csv
A::ds-qwen-7b__bf16::1-1::translated_antigpt::2::fdfdf5cf9463e06c,A,,ds-qwen-7b__bf16,C:\Users\jerry\Desktop\lab\0311\0520\results\from_second_model\track_a\ds-qwen-7b__bf16\results_ds-qwen-7b__bf16.json,absent_from_clean_csv
A::ds-qwen-7b__bf16::1-1::translated_deltagpt::2::fdfdf5cf9463e06c,A,,ds-qwen-7b__bf16,C:\Users\jerry\Desktop\lab\0311\0520\results\from_second_model\track_a\ds-qwen-7b__bf16\results_ds-qwen-7b__bf16.json,absent_from_clean_csv
A::ds-qwen-7b__bf16::1-2::translated_antigpt::3::a0b194b4dc2aa371,A,,ds-qwen-7b__bf16,C:\Users\jerry\Desktop\lab\0311\0520\results\from_second_model\track_a\ds-qwen-7b__bf16\results_ds-qwen-7b__bf16.json,absent_from_clean_csv
A::ds-qwen-7b__bf16::1-2::translated_deltagpt::3::a0b194b4dc2aa371,A,,ds-qwen-7b__bf16,C:\Users\jerry\Desktop\lab\0311\0520\results\from_second_model\track_a\ds-qwen-7b__bf16\results_ds-qwen-7b__bf16.json,absent_from_clean_csv
A::ds-qwen-7b__bf16::1-3::translated_antigpt::4::89fea375c4194140,A,,ds-qwen-7b__bf16,C:\Users\jerry\Desktop\lab\0311\0520\results\from_second_model\track_a\ds-qwen-7b__bf16\results_ds-qwen-7b__bf16.json,absent_from_clean_csv
A::ds-qwen-7b__bf16::1-3::translated_deltagpt::4::89fea375c4194140,A,,ds-qwen-7b__bf16,C:\Users\jerry\Desktop\lab\0311\0520\results\from_second_model\track_a\ds-qwen-7b__bf16\results_ds-qwen-7b__bf16.json,absent_from_clean_csv
A::ds-qwen-7b__bf16::10-2::noAttack::3::983bc97f96c90df1,A,,ds-qwen-7b__bf16,C:\Users\jerry\Desktop\lab\0311\0520\results\from_second_model\track_a\ds-qwen-7b__bf16\results_ds-qwen-7b__bf16.json,absent_from_clean_csv
A::ds-qwen-7b__bf16::10-2::translated_aim::3::983bc97f96c90df1,A,,ds-qwen-7b__bf16,C:\Users\jerry\Desktop\lab\0311\0520\results\from_second_model\track_a\ds-qwen-7b__bf16\results_ds-qwen-7b__bf16.json,absent_from_clean_csv
A::ds-qwen-7b__bf16::10-2::translated_bh::3::983bc97f96c90df1,A,,ds-qwen-7b__bf16,C:\Users\jerry\Desktop\lab\0311\0520\results\from_second_model\track_a\ds-qwen-7b__bf16\results_ds-qwen-7b__bf16.json,absent_from_clean_csv
A::ds-qwen-7b__bf16::10-2::translated_chadgpt::3::983bc97f96c90df1,A,,ds-qwen-7b__bf16,C:\Users\jerry\Desktop\lab\0311\0520\results\from_second_model\track_a\ds-qwen-7b__bf16\results_ds-qwen-7b__bf16.json,absent_from_clean_csv
A::ds-qwen-7b__bf16::10-2::translated_dan::3::983bc97f96c90df1,A,,ds-qwen-7b__bf16,C:\Users\jerry\Desktop\lab\0311\0520\results\from_second_model\track_a\ds-qwen-7b__bf16\results_ds-qwen-7b__bf16.json,absent_from_clean_csv
A::ds-qwen-7b__bf16::10-2::translated_devmode::3::983bc97f96c90df1,A,,ds-qwen-7b__bf16,C:\Users\jerry\Desktop\lab\0311\0520\results\from_second_model\track_a\ds-qwen-7b__bf16\results_ds-qwen-7b__bf16.json,absent_from_clean_csv
A::ds-qwen-7b__bf16::10-3::noAttack::4::ad9f67ead38d22b9,A,,ds-qwen-7b__bf16,C:\Users\jerry\Desktop\lab\0311\0520\results\from_second_model\track_a\ds-qwen-7b__bf16\results_ds-qwen-7b__bf16.json,absent_from_clean_csv
A::ds-qwen-7b__bf16::10-3::translated_aim::4::ad9f67ead38d22b9,A,,ds-qwen-7b__bf16,C:\Users\jerry\Desktop\lab\0311\0520\results\from_second_model\track_a\ds-qwen-7b__bf16\results_ds-qwen-7b__bf16.json,absent_from_clean_csv
A::ds-qwen-7b__bf16::10-3::translated_bh::4::ad9f67ead38d22b9,A,,ds-qwen-7b__bf16,C:\Users\jerry\Desktop\lab\0311\0520\results\from_second_model\track_a\ds-qwen-7b__bf16\results_ds-qwen-7b__bf16.json,absent_from_clean_csv
A::ds-qwen-7b__bf16::10-3::translated_chadgpt::4::ad9f67ead38d22b9,A,,ds-qwen-7b__bf16,C:\Users\jerry\Desktop\lab\0311\0520\results\from_second_model\track_a\ds-qwen-7b__bf16\results_ds-qwen-7b__bf16.json,absent_from_clean_csv
A::ds-qwen-7b__bf16::10-3::translated_con_per::4::ad9f67ead38d22b9,A,,ds-qwen-7b__bf16,C:\Users\jerry\Desktop\lab\0311\0520\results\from_second_model\track_a\ds-qwen-7b__bf16\results_ds-qwen-7b__bf16.json,absent_from_clean_csv
A::ds-qwen-7b__bf16::10-3::translated_dan::4::ad9f67ead38d22b9,A,,ds-qwen-7b__bf16,C:\Users\jerry\Desktop\lab\0311\0520\results\from_second_model\track_a\ds-qwen-7b__bf16\results_ds-qwen-7b__bf16.json,absent_from_clean_csv
A::ds-qwen-7b__bf16::10-3::translated_deltagpt::4::ad9f67ead38d22b9,A,,ds-qwen-7b__bf16,C:\Users\jerry\Desktop\lab\0311\0520\results\from_second_model\track_a\ds-qwen-7b__bf16\results_ds-qwen-7b__bf16.json,absent_from_clean_csv
A::ds-qwen-7b__bf16::10-3::translated_devmode::4::ad9f67ead38d22b9,A,,ds-qwen-7b__bf16,C:\Users\jerry\Desktop\lab\0311\0520\results\from_second_model\track_a\ds-qwen-7b__bf16\results_ds-qwen-7b__bf16.json,absent_from_clean_csv
A::ds-qwen-7b__bf16::10-3::translated_eva::4::ad9f67ead38d22b9,A,,ds-qwen-7b__bf16,C:\Users\jerry\Desktop\lab\0311\0520\results\from_second_model\track_a\ds-qwen-7b__bf16\results_ds-qwen-7b__bf16.json,absent_from_clean_csv
A::ds-qwen-7b__bf16::10-3::translated_evil::4::ad9f67ead38d22b9,A,,ds-qwen-7b__bf16,C:\Users\jerry\Desktop\lab\0311\0520\results\from_second_model\track_a\ds-qwen-7b__bf16\results_ds-qwen-7b__bf16.json,absent_from_clean_csv
A::ds-qwen-7b__bf16::2-1::translated_evil::2::35308d27f466a142,A,,ds-qwen-7b__bf16,C:\Users\jerry\Desktop\lab\0311\0520\results\from_second_model\track_a\ds-qwen-7b__bf16\results_ds-qwen-7b__bf16.json,absent_from_clean_csv
A::ds-qwen-7b__bf16::2-2::translated_evil::3::cfa5ff8b79cbe942,A,,ds-qwen-7b__bf16,C:\Users\jerry\Desktop\lab\0311\0520\results\from_second_model\track_a\ds-qwen-7b__bf16\results_ds-qwen-7b__bf16.json,absent_from_clean_csv
A::ds-qwen-7b__bf16::2-3::translated_evil::4::524de58bf76bf708,A,,ds-qwen-7b__bf16,C:\Users\jerry\Desktop\lab\0311\0520\results\from_second_model\track_a\ds-qwen-7b__bf16\results_ds-qwen-7b__bf16.json,absent_from_clean_csv
A::ds-qwen-7b__bf16::3-2::translated_bh::3::c9ea6e603b3c3b4a,A,,ds-qwen-7b__bf16,C:\Users\jerry\Desktop\lab\0311\0520\results\from_second_model\track_a\ds-qwen-7b__bf16\results_ds-qwen-7b__bf16.json,absent_from_clean_csv
A::ds-qwen-7b__bf16::3-3::translated_bh::4::ba16fa9a6528b371,A,,ds-qwen-7b__bf16,C:\Users\jerry\Desktop\lab\0311\0520\results\from_second_model\track_a\ds-qwen-7b__bf16\results_ds-qwen-7b__bf16.json,absent_from_clean_csv
A::ds-qwen-7b__bf16::4-3::translated_balakula::4::5eed5e68c39727d5,A,,ds-qwen-7b__bf16,C:\Users\jerry\Desktop\lab\0311\0520\results\from_second_model\track_a\ds-qwen-7b__bf16\results_ds-qwen-7b__bf16.json,absent_from_clean_csv
A::ds-qwen-7b__bf16::4-3::translated_devmode::4::5eed5e68c39727d5,A,,ds-qwen-7b__bf16,C:\Users\jerry\Desktop\lab\0311\0520\results\from_second_model\track_a\ds-qwen-7b__bf16\results_ds-qwen-7b__bf16.json,absent_from_clean_csv
A::ds-qwen-7b__bf16::5-2::translated_dan::3::ffa83ef7bbef7e2a,A,,ds-qwen-7b__bf16,C:\Users\jerry\Desktop\lab\0311\0520\results\from_second_model\track_a\ds-qwen-7b__bf16\results_ds-qwen-7b__bf16.json,absent_from_clean_csv
A::ds-qwen-7b__bf16::5-2::translated_devmode::3::ffa83ef7bbef7e2a,A,,ds-qwen-7b__bf16,C:\Users\jerry\Desktop\lab\0311\0520\results\from_second_model\track_a\ds-qwen-7b__bf16\results_ds-qwen-7b__bf16.json,absent_from_clean_csv
A::ds-qwen-7b__bf16::5-3::translated_balakula::4::157a596bd7a5570c,A,,ds-qwen-7b__bf16,C:\Users\jerry\Desktop\lab\0311\0520\results\from_second_model\track_a\ds-qwen-7b__bf16\results_ds-qwen-7b__bf16.json,absent_from_clean_csv
A::ds-qwen-7b__bf16::5-3::translated_dan::4::157a596bd7a5570c,A,,ds-qwen-7b__bf16,C:\Users\jerry\Desktop\lab\0311\0520\results\from_second_model\track_a\ds-qwen-7b__bf16\results_ds-qwen-7b__bf16.json,absent_from_clean_csv
A::ds-qwen-7b__bf16::5-3::translated_deltagpt::4::157a596bd7a5570c,A,,ds-qwen-7b__bf16,C:\Users\jerry\Desktop\lab\0311\0520\results\from_second_model\track_a\ds-qwen-7b__bf16\results_ds-qwen-7b__bf16.json,absent_from_clean_csv
A::ds-qwen-7b__bf16::5-3::translated_devmode::4::157a596bd7a5570c,A,,ds-qwen-7b__bf16,C:\Users\jerry\Desktop\lab\0311\0520\results\from_second_model\track_a\ds-qwen-7b__bf16\results_ds-qwen-7b__bf16.json,absent_from_clean_csv
A::ds-qwen-7b__bf16::6-1::translated_chadgpt::2::8ffa8226f8bc926d,A,,ds-qwen-7b__bf16,C:\Users\jerry\Desktop\lab\0311\0520\results\from_second_model\track_a\ds-qwen-7b__bf16\results_ds-qwen-7b__bf16.json,absent_from_clean_csv
A::ds-qwen-7b__bf16::6-1::translated_con_per::2::8ffa8226f8bc926d,A,,ds-qwen-7b__bf16,C:\Users\jerry\Desktop\lab\0311\0520\results\from_second_model\track_a\ds-qwen-7b__bf16\results_ds-qwen-7b__bf16.json,absent_from_clean_csv
A::ds-qwen-7b__bf16::6-1::translated_dan::2::8ffa8226f8bc926d,A,,ds-qwen-7b__bf16,C:\Users\jerry\Desktop\lab\0311\0520\results\from_second_model\track_a\ds-qwen-7b__bf16\results_ds-qwen-7b__bf16.json,absent_from_clean_csv
A::ds-qwen-7b__bf16::6-1::translated_deltagpt::2::8ffa8226f8bc926d,A,,ds-qwen-7b__bf16,C:\Users\jerry\Desktop\lab\0311\0520\results\from_second_model\track_a\ds-qwen-7b__bf16\results_ds-qwen-7b__bf16.json,absent_from_clean_csv
A::ds-qwen-7b__bf16::6-1::translated_eva::2::8ffa8226f8bc926d,A,,ds-qwen-7b__bf16,C:\Users\jerry\Desktop\lab\0311\0520\results\from_second_model\track_a\ds-qwen-7b__bf16\results_ds-qwen-7b__bf16.json,absent_from_clean_csv
A::ds-qwen-7b__bf16::6-2::translated_chadgpt::3::15e1cfa7aa762d47,A,,ds-qwen-7b__bf16,C:\Users\jerry\Desktop\lab\0311\0520\results\from_second_model\track_a\ds-qwen-7b__bf16\results_ds-qwen-7b__bf16.json,absent_from_clean_csv
A::ds-qwen-7b__bf16::6-2::translated_con_per::3::15e1cfa7aa762d47,A,,ds-qwen-7b__bf16,C:\Users\jerry\Desktop\lab\0311\0520\results\from_second_model\track_a\ds-qwen-7b__bf16\results_ds-qwen-7b__bf16.json,absent_from_clean_csv
A::ds-qwen-7b__bf16::6-2::translated_dan::3::15e1cfa7aa762d47,A,,ds-qwen-7b__bf16,C:\Users\jerry\Desktop\lab\0311\0520\results\from_second_model\track_a\ds-qwen-7b__bf16\results_ds-qwen-7b__bf16.json,absent_from_clean_csv
A::ds-qwen-7b__bf16::6-2::translated_deltagpt::3::15e1cfa7aa762d47,A,,ds-qwen-7b__bf16,C:\Users\jerry\Desktop\lab\0311\0520\results\from_second_model\track_a\ds-qwen-7b__bf16\results_ds-qwen-7b__bf16.json,absent_from_clean_csv
A::ds-qwen-7b__bf16::6-2::translated_eva::3::15e1cfa7aa762d47,A,,ds-qwen-7b__bf16,C:\Users\jerry\Desktop\lab\0311\0520\results\from_second_model\track_a\ds-qwen-7b__bf16\results_ds-qwen-7b__bf16.json,absent_from_clean_csv
A::ds-qwen-7b__bf16::6-3::translated_aim::4::1d778c770373105b,A,,ds-qwen-7b__bf16,C:\Users\jerry\Desktop\lab\0311\0520\results\from_second_model\track_a\ds-qwen-7b__bf16\results_ds-qwen-7b__bf16.json,absent_from_clean_csv
A::ds-qwen-7b__bf16::6-3::translated_antigpt::4::1d778c770373105b,A,,ds-qwen-7b__bf16,C:\Users\jerry\Desktop\lab\0311\0520\results\from_second_model\track_a\ds-qwen-7b__bf16\results_ds-qwen-7b__bf16.json,absent_from_clean_csv
A::ds-qwen-7b__bf16::6-3::translated_balakula::4::1d778c770373105b,A,,ds-qwen-7b__bf16,C:\Users\jerry\Desktop\lab\0311\0520\results\from_second_model\track_a\ds-qwen-7b__bf16\results_ds-qwen-7b__bf16.json,absent_from_clean_csv
A::ds-qwen-7b__bf16::6-3::translated_chadgpt::4::1d778c770373105b,A,,ds-qwen-7b__bf16,C:\Users\jerry\Desktop\lab\0311\0520\results\from_second_model\track_a\ds-qwen-7b__bf16\results_ds-qwen-7b__bf16.json,absent_from_clean_csv
A::ds-qwen-7b__bf16::6-3::translated_con_per::4::1d778c770373105b,A,,ds-qwen-7b__bf16,C:\Users\jerry\Desktop\lab\0311\0520\results\from_second_model\track_a\ds-qwen-7b__bf16\results_ds-qwen-7b__bf16.json,absent_from_clean_csv
A::ds-qwen-7b__bf16::6-3::translated_dan::4::1d778c770373105b,A,,ds-qwen-7b__bf16,C:\Users\jerry\Desktop\lab\0311\0520\results\from_second_model\track_a\ds-qwen-7b__bf16\results_ds-qwen-7b__bf16.json,absent_from_clean_csv
A::ds-qwen-7b__bf16::6-3::translated_deltagpt::4::1d778c770373105b,A,,ds-qwen-7b__bf16,C:\Users\jerry\Desktop\lab\0311\0520\results\from_second_model\track_a\ds-qwen-7b__bf16\results_ds-qwen-7b__bf16.json,absent_from_clean_csv
A::ds-qwen-7b__bf16::6-3::translated_devmode::4::1d778c770373105b,A,,ds-qwen-7b__bf16,C:\Users\jerry\Desktop\lab\0311\0520\results\from_second_model\track_a\ds-qwen-7b__bf16\results_ds-qwen-7b__bf16.json,absent_from_clean_csv
A::ds-qwen-7b__bf16::6-3::translated_eva::4::1d778c770373105b,A,,ds-qwen-7b__bf16,C:\Users\jerry\Desktop\lab\0311\0520\results\from_second_model\track_a\ds-qwen-7b__bf16\results_ds-qwen-7b__bf16.json,absent_from_clean_csv
A::ds-qwen-7b__bf16::7-2::translated_devmode::3::88f0e7eaf1589174,A,,ds-qwen-7b__bf16,C:\Users\jerry\Desktop\lab\0311\0520\results\from_second_model\track_a\ds-qwen-7b__bf16\results_ds-qwen-7b__bf16.json,absent_from_clean_csv
A::ds-qwen-7b__bf16::7-3::translated_devmode::4::dafb2f8be86d5a45,A,,ds-qwen-7b__bf16,C:\Users\jerry\Desktop\lab\0311\0520\results\from_second_model\track_a\ds-qwen-7b__bf16\results_ds-qwen-7b__bf16.json,absent_from_clean_csv
A::ds-qwen-7b__bf16::7-3::translated_evil::4::dafb2f8be86d5a45,A,,ds-qwen-7b__bf16,C:\Users\jerry\Desktop\lab\0311\0520\results\from_second_model\track_a\ds-qwen-7b__bf16\results_ds-qwen-7b__bf16.json,absent_from_clean_csv
A::ds-qwen-7b__bf16::8-1::translated_deltagpt::2::980ed33d6adf3ebb,A,,ds-qwen-7b__bf16,C:\Users\jerry\Desktop\lab\0311\0520\results\from_second_model\track_a\ds-qwen-7b__bf16\results_ds-qwen-7b__bf16.json,absent_from_clean_csv
A::ds-qwen-7b__bf16::8-2::translated_antigpt::3::c67a35704a5452a1,A,,ds-qwen-7b__bf16,C:\Users\jerry\Desktop\lab\0311\0520\results\from_second_model\track_a\ds-qwen-7b__bf16\results_ds-qwen-7b__bf16.json,absent_from_clean_csv
A::ds-qwen-7b__bf16::8-2::translated_deltagpt::3::c67a35704a5452a1,A,,ds-qwen-7b__bf16,C:\Users\jerry\Desktop\lab\0311\0520\results\from_second_model\track_a\ds-qwen-7b__bf16\results_ds-qwen-7b__bf16.json,absent_from_clean_csv
A::ds-qwen-7b__bf16::8-3::translated_antigpt::4::a85392b1476988d3,A,,ds-qwen-7b__bf16,C:\Users\jerry\Desktop\lab\0311\0520\results\from_second_model\track_a\ds-qwen-7b__bf16\results_ds-qwen-7b__bf16.json,absent_from_clean_csv
A::ds-qwen-7b__bf16::8-3::translated_deltagpt::4::a85392b1476988d3,A,,ds-qwen-7b__bf16,C:\Users\jerry\Desktop\lab\0311\0520\results\from_second_model\track_a\ds-qwen-7b__bf16\results_ds-qwen-7b__bf16.json,absent_from_clean_csv
A::ds-qwen-7b__bf16::9-3::translated_chadgpt::4::33bf338757c9c501,A,,ds-qwen-7b__bf16,C:\Users\jerry\Desktop\lab\0311\0520\results\from_second_model\track_a\ds-qwen-7b__bf16\results_ds-qwen-7b__bf16.json,absent_from_clean_csv
A::ds-qwen-7b__bf16::9-3::translated_devmode::4::33bf338757c9c501,A,,ds-qwen-7b__bf16,C:\Users\jerry\Desktop\lab\0311\0520\results\from_second_model\track_a\ds-qwen-7b__bf16\results_ds-qwen-7b__bf16.json,absent_from_clean_csv
A::ds-qwen-7b__bf16::9-3::translated_evil::4::33bf338757c9c501,A,,ds-qwen-7b__bf16,C:\Users\jerry\Desktop\lab\0311\0520\results\from_second_model\track_a\ds-qwen-7b__bf16\results_ds-qwen-7b__bf16.json,absent_from_clean_csv
A::gemma-3-27b__bf16::10-3::translated_aim::4::ad9f67ead38d22b9,A,,gemma-3-27b__bf16,C:\Users\jerry\Desktop\lab\0311\0520\results\from_second_model\track_a\gemma-3-27b__bf16\results_gemma-3-27b__bf16.json,absent_from_clean_csv
A::gemma-3-27b__bf16::10-3::translated_antigpt::4::ad9f67ead38d22b9,A,,gemma-3-27b__bf16,C:\Users\jerry\Desktop\lab\0311\0520\results\from_second_model\track_a\gemma-3-27b__bf16\results_gemma-3-27b__bf16.json,absent_from_clean_csv
A::gemma-3-27b__bf16::10-3::translated_dan::4::ad9f67ead38d22b9,A,,gemma-3-27b__bf16,C:\Users\jerry\Desktop\lab\0311\0520\results\from_second_model\track_a\gemma-3-27b__bf16\results_gemma-3-27b__bf16.json,absent_from_clean_csv
A::gemma-3-27b__bf16::10-3::translated_devmode::4::ad9f67ead38d22b9,A,,gemma-3-27b__bf16,C:\Users\jerry\Desktop\lab\0311\0520\results\from_second_model\track_a\gemma-3-27b__bf16\results_gemma-3-27b__bf16.json,absent_from_clean_csv
A::gemma-3-27b__bf16::4-3::noAttack::4::5eed5e68c39727d5,A,,gemma-3-27b__bf16,C:\Users\jerry\Desktop\lab\0311\0520\results\from_second_model\track_a\gemma-3-27b__bf16\results_gemma-3-27b__bf16.json,absent_from_clean_csv
A::gemma-3-27b__bf16::5-3::translated_antigpt::4::157a596bd7a5570c,A,,gemma-3-27b__bf16,C:\Users\jerry\Desktop\lab\0311\0520\results\from_second_model\track_a\gemma-3-27b__bf16\results_gemma-3-27b__bf16.json,absent_from_clean_csv
A::gemma-3-27b__bf16::5-3::translated_deltagpt::4::157a596bd7a5570c,A,,gemma-3-27b__bf16,C:\Users\jerry\Desktop\lab\0311\0520\results\from_second_model\track_a\gemma-3-27b__bf16\results_gemma-3-27b__bf16.json,absent_from_clean_csv
A::gemma-3-27b__bf16::6-3::noAttack::4::1d778c770373105b,A,,gemma-3-27b__bf16,C:\Users\jerry\Desktop\lab\0311\0520\results\from_second_model\track_a\gemma-3-27b__bf16\results_gemma-3-27b__bf16.json,absent_from_clean_csv
A::gemma-3-27b__bf16::6-3::translated_con_per::4::1d778c770373105b,A,,gemma-3-27b__bf16,C:\Users\jerry\Desktop\lab\0311\0520\results\from_second_model\track_a\gemma-3-27b__bf16\results_gemma-3-27b__bf16.json,absent_from_clean_csv
A::gemma-3-27b__bf16::6-3::translated_devmode::4::1d778c770373105b,A,,gemma-3-27b__bf16,C:\Users\jerry\Desktop\lab\0311\0520\results\from_second_model\track_a\gemma-3-27b__bf16\results_gemma-3-27b__bf16.json,absent_from_clean_csv
A::gemma-3-27b__bf16::9-3::noAttack::4::33bf338757c9c501,A,,gemma-3-27b__bf16,C:\Users\jerry\Desktop\lab\0311\0520\results\from_second_model\track_a\gemma-3-27b__bf16\results_gemma-3-27b__bf16.json,absent_from_clean_csv
A::gemma-3-27b__bf16::9-3::translated_aim::4::33bf338757c9c501,A,,gemma-3-27b__bf16,C:\Users\jerry\Desktop\lab\0311\0520\results\from_second_model\track_a\gemma-3-27b__bf16\results_gemma-3-27b__bf16.json,absent_from_clean_csv
A::gemma-3-4b__bf16::10-3::translated_antigpt::4::ad9f67ead38d22b9,A,,gemma-3-4b__bf16,C:\Users\jerry\Desktop\lab\0311\0520\results\from_second_model\track_a\gemma-3-4b__bf16\results_gemma-3-4b__bf16.json,absent_from_clean_csv
A::gemma-3-4b__bf16::10-3::translated_deltagpt::4::ad9f67ead38d22b9,A,,gemma-3-4b__bf16,C:\Users\jerry\Desktop\lab\0311\0520\results\from_second_model\track_a\gemma-3-4b__bf16\results_gemma-3-4b__bf16.json,absent_from_clean_csv
A::gemma-3-4b__bf16::10-3::translated_devmode::4::ad9f67ead38d22b9,A,,gemma-3-4b__bf16,C:\Users\jerry\Desktop\lab\0311\0520\results\from_second_model\track_a\gemma-3-4b__bf16\results_gemma-3-4b__bf16.json,absent_from_clean_csv
A::gemma-3-4b__bf16::5-3::translated_con_per::4::157a596bd7a5570c,A,,gemma-3-4b__bf16,C:\Users\jerry\Desktop\lab\0311\0520\results\from_second_model\track_a\gemma-3-4b__bf16\results_gemma-3-4b__bf16.json,absent_from_clean_csv
A::gemma-3-4b__bf16::6-3::translated_bh::4::1d778c770373105b,A,,gemma-3-4b__bf16,C:\Users\jerry\Desktop\lab\0311\0520\results\from_second_model\track_a\gemma-3-4b__bf16\results_gemma-3-4b__bf16.json,absent_from_clean_csv
A::gemma-3-4b__bf16::8-3::translated_deltagpt::4::a85392b1476988d3,A,,gemma-3-4b__bf16,C:\Users\jerry\Desktop\lab\0311\0520\results\from_second_model\track_a\gemma-3-4b__bf16\results_gemma-3-4b__bf16.json,absent_from_clean_csv
A::gemma-3-4b__bf16::9-3::translated_antigpt::4::33bf338757c9c501,A,,gemma-3-4b__bf16,C:\Users\jerry\Desktop\lab\0311\0520\results\from_second_model\track_a\gemma-3-4b__bf16\results_gemma-3-4b__bf16.json,absent_from_clean_csv
A::gemma-3-4b__bf16::9-3::translated_con_per::4::33bf338757c9c501,A,,gemma-3-4b__bf16,C:\Users\jerry\Desktop\lab\0311\0520\results\from_second_model\track_a\gemma-3-4b__bf16\results_gemma-3-4b__bf16.json,absent_from_clean_csv
A::gemma-3-4b__bf16::9-3::translated_deltagpt::4::33bf338757c9c501,A,,gemma-3-4b__bf16,C:\Users\jerry\Desktop\lab\0311\0520\results\from_second_model\track_a\gemma-3-4b__bf16\results_gemma-3-4b__bf16.json,absent_from_clean_csv
A::gpt-oss-120b__bf16::9-3::noAttack::4::9c5f65221f93b1df,A,,gpt-oss-120b__bf16,C:\Users\jerry\Desktop\lab\0311\0520\results\from_second_model\track_a\gpt-oss-120b__bf16\results_gpt-oss-120b__bf16.json,invalid_clean_row
A::llama-3.2-3b__bf16::1-1::noAttack::2::fdfdf5cf9463e06c,A,,llama-3.2-3b__bf16,C:\Users\jerry\Desktop\lab\0311\0520\results\from_second_model\track_a\llama-3.2-3b__bf16\results_llama-3.2-3b__bf16.json,absent_from_clean_csv
A::llama-3.2-3b__bf16::1-2::noAttack::3::a0b194b4dc2aa371,A,,llama-3.2-3b__bf16,C:\Users\jerry\Desktop\lab\0311\0520\results\from_second_model\track_a\llama-3.2-3b__bf16\results_llama-3.2-3b__bf16.json,absent_from_clean_csv
A::llama-3.2-3b__bf16::1-3::noAttack::4::89fea375c4194140,A,,llama-3.2-3b__bf16,C:\Users\jerry\Desktop\lab\0311\0520\results\from_second_model\track_a\llama-3.2-3b__bf16\results_llama-3.2-3b__bf16.json,absent_from_clean_csv
A::qwen3-32b__bf16::1-3::noAttack::4::d2e26ba7d8e4a77b,A,,qwen3-32b__bf16,C:\Users\jerry\Desktop\lab\0311\0520\results\from_second_model\track_a\qwen3-32b__bf16\results_qwen3-32b__bf16.json,absent_from_clean_csv
A::qwen3-32b__bf16::10-3::noAttack::4::69181b67669ea909,A,,qwen3-32b__bf16,C:\Users\jerry\Desktop\lab\0311\0520\results\from_second_model\track_a\qwen3-32b__bf16\results_qwen3-32b__bf16.json,absent_from_clean_csv
A::qwen3-32b__bf16::10-3::translated_con_per::4::69181b67669ea909,A,,qwen3-32b__bf16,C:\Users\jerry\Desktop\lab\0311\0520\results\from_second_model\track_a\qwen3-32b__bf16\results_qwen3-32b__bf16.json,absent_from_clean_csv
A::qwen3-32b__bf16::10-3::translated_dan::4::69181b67669ea909,A,,qwen3-32b__bf16,C:\Users\jerry\Desktop\lab\0311\0520\results\from_second_model\track_a\qwen3-32b__bf16\results_qwen3-32b__bf16.json,absent_from_clean_csv
A::qwen3-32b__bf16::10-3::translated_evil::4::69181b67669ea909,A,,qwen3-32b__bf16,C:\Users\jerry\Desktop\lab\0311\0520\results\from_second_model\track_a\qwen3-32b__bf16\results_qwen3-32b__bf16.json,absent_from_clean_csv
A::qwen3-32b__bf16::2-3::noAttack::4::e0d9eaa5d1b85ad4,A,,qwen3-32b__bf16,C:\Users\jerry\Desktop\lab\0311\0520\results\from_second_model\track_a\qwen3-32b__bf16\results_qwen3-32b__bf16.json,absent_from_clean_csv
A::qwen3-32b__bf16::3-3::noAttack::4::f5c5d3153baa55f8,A,,qwen3-32b__bf16,C:\Users\jerry\Desktop\lab\0311\0520\results\from_second_model\track_a\qwen3-32b__bf16\results_qwen3-32b__bf16.json,absent_from_clean_csv
A::qwen3-32b__bf16::4-3::noAttack::4::862c30766a1da181,A,,qwen3-32b__bf16,C:\Users\jerry\Desktop\lab\0311\0520\results\from_second_model\track_a\qwen3-32b__bf16\results_qwen3-32b__bf16.json,absent_from_clean_csv
A::qwen3-32b__bf16::5-3::noAttack::4::34573904370d0992,A,,qwen3-32b__bf16,C:\Users\jerry\Desktop\lab\0311\0520\results\from_second_model\track_a\qwen3-32b__bf16\results_qwen3-32b__bf16.json,absent_from_clean_csv
A::qwen3-32b__bf16::5-3::translated_aim::4::34573904370d0992,A,,qwen3-32b__bf16,C:\Users\jerry\Desktop\lab\0311\0520\results\from_second_model\track_a\qwen3-32b__bf16\results_qwen3-32b__bf16.json,absent_from_clean_csv
A::qwen3-32b__bf16::5-3::translated_dan::4::34573904370d0992,A,,qwen3-32b__bf16,C:\Users\jerry\Desktop\lab\0311\0520\results\from_second_model\track_a\qwen3-32b__bf16\results_qwen3-32b__bf16.json,absent_from_clean_csv
A::qwen3-32b__bf16::5-3::translated_hackerman::4::34573904370d0992,A,,qwen3-32b__bf16,C:\Users\jerry\Desktop\lab\0311\0520\results\from_second_model\track_a\qwen3-32b__bf16\results_qwen3-32b__bf16.json,absent_from_clean_csv
A::qwen3-32b__bf16::6-3::noAttack::4::32a8462fb3c1c16a,A,,qwen3-32b__bf16,C:\Users\jerry\Desktop\lab\0311\0520\results\from_second_model\track_a\qwen3-32b__bf16\results_qwen3-32b__bf16.json,absent_from_clean_csv
A::qwen3-32b__bf16::7-3::translated_aim::4::0b28d779dc3bb981,A,,qwen3-32b__bf16,C:\Users\jerry\Desktop\lab\0311\0520\results\from_second_model\track_a\qwen3-32b__bf16\results_qwen3-32b__bf16.json,absent_from_clean_csv
A::qwen3-32b__bf16::8-3::noAttack::4::16208044ed9781e0,A,,qwen3-32b__bf16,C:\Users\jerry\Desktop\lab\0311\0520\results\from_second_model\track_a\qwen3-32b__bf16\results_qwen3-32b__bf16.json,absent_from_clean_csv
A::qwen3-32b__bf16::9-3::noAttack::4::db38ab28406e5f6c,A,,qwen3-32b__bf16,C:\Users\jerry\Desktop\lab\0311\0520\results\from_second_model\track_a\qwen3-32b__bf16\results_qwen3-32b__bf16.json,absent_from_clean_csv
A::qwen3-32b__bf16::9-3::translated_aim::4::db38ab28406e5f6c,A,,qwen3-32b__bf16,C:\Users\jerry\Desktop\lab\0311\0520\results\from_second_model\track_a\qwen3-32b__bf16\results_qwen3-32b__bf16.json,absent_from_clean_csv
A::qwen3-32b__bf16::9-3::translated_con_per::4::db38ab28406e5f6c,A,,qwen3-32b__bf16,C:\Users\jerry\Desktop\lab\0311\0520\results\from_second_model\track_a\qwen3-32b__bf16\results_qwen3-32b__bf16.json,absent_from_clean_csv
A::qwen3-32b__bf16::9-3::translated_dan::4::db38ab28406e5f6c,A,,qwen3-32b__bf16,C:\Users\jerry\Desktop\lab\0311\0520\results\from_second_model\track_a\qwen3-32b__bf16\results_qwen3-32b__bf16.json,absent_from_clean_csv
A::qwen3-32b__bf16::9-3::translated_evil::4::db38ab28406e5f6c,A,,qwen3-32b__bf16,C:\Users\jerry\Desktop\lab\0311\0520\results\from_second_model\track_a\qwen3-32b__bf16\results_qwen3-32b__bf16.json,absent_from_clean_csv
A::qwen3-8b__bf16::1-3::translated_dan::4::d2e26ba7d8e4a77b,A,,qwen3-8b__bf16,C:\Users\jerry\Desktop\lab\0311\0520\results\from_second_model\track_a\qwen3-8b__bf16\results_qwen3-8b__bf16.json,absent_from_clean_csv
A::qwen3-8b__bf16::10-3::translated_dan::4::69181b67669ea909,A,,qwen3-8b__bf16,C:\Users\jerry\Desktop\lab\0311\0520\results\from_second_model\track_a\qwen3-8b__bf16\results_qwen3-8b__bf16.json,absent_from_clean_csv
A::qwen3-8b__bf16::10-3::translated_devmode::4::69181b67669ea909,A,,qwen3-8b__bf16,C:\Users\jerry\Desktop\lab\0311\0520\results\from_second_model\track_a\qwen3-8b__bf16\results_qwen3-8b__bf16.json,absent_from_clean_csv
A::qwen3-8b__bf16::4-3::noAttack::4::862c30766a1da181,A,,qwen3-8b__bf16,C:\Users\jerry\Desktop\lab\0311\0520\results\from_second_model\track_a\qwen3-8b__bf16\results_qwen3-8b__bf16.json,absent_from_clean_csv
A::qwen3-8b__bf16::4-3::translated_aim::4::862c30766a1da181,A,,qwen3-8b__bf16,C:\Users\jerry\Desktop\lab\0311\0520\results\from_second_model\track_a\qwen3-8b__bf16\results_qwen3-8b__bf16.json,absent_from_clean_csv
A::qwen3-8b__bf16::5-2::noAttack::3::b174aace74cd1398,A,,qwen3-8b__bf16,C:\Users\jerry\Desktop\lab\0311\0520\results\from_second_model\track_a\qwen3-8b__bf16\results_qwen3-8b__bf16.json,absent_from_clean_csv
A::qwen3-8b__bf16::5-2::translated_deltagpt::3::b174aace74cd1398,A,,qwen3-8b__bf16,C:\Users\jerry\Desktop\lab\0311\0520\results\from_second_model\track_a\qwen3-8b__bf16\results_qwen3-8b__bf16.json,absent_from_clean_csv
A::qwen3-8b__bf16::5-2::translated_evil::3::b174aace74cd1398,A,,qwen3-8b__bf16,C:\Users\jerry\Desktop\lab\0311\0520\results\from_second_model\track_a\qwen3-8b__bf16\results_qwen3-8b__bf16.json,absent_from_clean_csv
A::qwen3-8b__bf16::5-3::noAttack::4::34573904370d0992,A,,qwen3-8b__bf16,C:\Users\jerry\Desktop\lab\0311\0520\results\from_second_model\track_a\qwen3-8b__bf16\results_qwen3-8b__bf16.json,absent_from_clean_csv
A::qwen3-8b__bf16::5-3::translated_aim::4::34573904370d0992,A,,qwen3-8b__bf16,C:\Users\jerry\Desktop\lab\0311\0520\results\from_second_model\track_a\qwen3-8b__bf16\results_qwen3-8b__bf16.json,absent_from_clean_csv
A::qwen3-8b__bf16::5-3::translated_chadgpt::4::34573904370d0992,A,,qwen3-8b__bf16,C:\Users\jerry\Desktop\lab\0311\0520\results\from_second_model\track_a\qwen3-8b__bf16\results_qwen3-8b__bf16.json,absent_from_clean_csv
A::qwen3-8b__bf16::5-3::translated_dan::4::34573904370d0992,A,,qwen3-8b__bf16,C:\Users\jerry\Desktop\lab\0311\0520\results\from_second_model\track_a\qwen3-8b__bf16\results_qwen3-8b__bf16.json,absent_from_clean_csv
A::qwen3-8b__bf16::5-3::translated_deltagpt::4::34573904370d0992,A,,qwen3-8b__bf16,C:\Users\jerry\Desktop\lab\0311\0520\results\from_second_model\track_a\qwen3-8b__bf16\results_qwen3-8b__bf16.json,absent_from_clean_csv
A::qwen3-8b__bf16::5-3::translated_devmode::4::34573904370d0992,A,,qwen3-8b__bf16,C:\Users\jerry\Desktop\lab\0311\0520\results\from_second_model\track_a\qwen3-8b__bf16\results_qwen3-8b__bf16.json,absent_from_clean_csv
A::qwen3-8b__bf16::5-3::translated_evil::4::34573904370d0992,A,,qwen3-8b__bf16,C:\Users\jerry\Desktop\lab\0311\0520\results\from_second_model\track_a\qwen3-8b__bf16\results_qwen3-8b__bf16.json,absent_from_clean_csv
A::qwen3-8b__bf16::5-3::translated_hackerman::4::34573904370d0992,A,,qwen3-8b__bf16,C:\Users\jerry\Desktop\lab\0311\0520\results\from_second_model\track_a\qwen3-8b__bf16\results_qwen3-8b__bf16.json,absent_from_clean_csv
A::qwen3-8b__bf16::6-3::noAttack::4::32a8462fb3c1c16a,A,,qwen3-8b__bf16,C:\Users\jerry\Desktop\lab\0311\0520\results\from_second_model\track_a\qwen3-8b__bf16\results_qwen3-8b__bf16.json,absent_from_clean_csv
A::qwen3-8b__bf16::9-3::noAttack::4::db38ab28406e5f6c,A,,qwen3-8b__bf16,C:\Users\jerry\Desktop\lab\0311\0520\results\from_second_model\track_a\qwen3-8b__bf16\results_qwen3-8b__bf16.json,absent_from_clean_csv
A::qwen3-8b__bf16::9-3::translated_con_per::4::db38ab28406e5f6c,A,,qwen3-8b__bf16,C:\Users\jerry\Desktop\lab\0311\0520\results\from_second_model\track_a\qwen3-8b__bf16\results_qwen3-8b__bf16.json,absent_from_clean_csv
A::qwen3-8b__bf16::9-3::translated_dan::4::db38ab28406e5f6c,A,,qwen3-8b__bf16,C:\Users\jerry\Desktop\lab\0311\0520\results\from_second_model\track_a\qwen3-8b__bf16\results_qwen3-8b__bf16.json,absent_from_clean_csv
B::ds-llama-8b__bf16::init::0::26::40::ca259337c2154532,B,init,ds-llama-8b__bf16,C:\Users\jerry\Desktop\lab\0311\0520\results\from_second_model\track_b\ds-llama-8b__bf16\init\redteam\baseline\ds-llama-8b\all_results_long.csv,absent_from_clean_csv
B::ds-llama-8b__bf16::init::0::286::40::fdfc81e37063aac8,B,init,ds-llama-8b__bf16,C:\Users\jerry\Desktop\lab\0311\0520\results\from_second_model\track_b\ds-llama-8b__bf16\init\redteam\baseline\ds-llama-8b\all_results_long.csv,absent_from_clean_csv
B::ds-llama-8b__bf16::init::0::299::40::97e61f863a0d4401,B,init,ds-llama-8b__bf16,C:\Users\jerry\Desktop\lab\0311\0520\results\from_second_model\track_b\ds-llama-8b__bf16\init\redteam\baseline\ds-llama-8b\all_results_long.csv,absent_from_clean_csv
B::ds-llama-8b__bf16::init::0::91::40::cb32df10d81f84d8,B,init,ds-llama-8b__bf16,C:\Users\jerry\Desktop\lab\0311\0520\results\from_second_model\track_b\ds-llama-8b__bf16\init\redteam\baseline\ds-llama-8b\all_results_long.csv,absent_from_clean_csv
B::ds-llama-8b__bf16::init::10::26::40::79c26bf5aa801513,B,init,ds-llama-8b__bf16,C:\Users\jerry\Desktop\lab\0311\0520\results\from_second_model\track_b\ds-llama-8b__bf16\init\redteam\baseline\ds-llama-8b\all_results_long.csv,absent_from_clean_csv
B::ds-llama-8b__bf16::init::10::299::40::04d2b6a4fae773b8,B,init,ds-llama-8b__bf16,C:\Users\jerry\Desktop\lab\0311\0520\results\from_second_model\track_b\ds-llama-8b__bf16\init\redteam\baseline\ds-llama-8b\all_results_long.csv,absent_from_clean_csv
B::ds-llama-8b__bf16::init::11::26::40::d1bca069d5578bb8,B,init,ds-llama-8b__bf16,C:\Users\jerry\Desktop\lab\0311\0520\results\from_second_model\track_b\ds-llama-8b__bf16\init\redteam\baseline\ds-llama-8b\all_results_long.csv,absent_from_clean_csv
B::ds-llama-8b__bf16::init::11::286::40::4c51d8c06bfae456,B,init,ds-llama-8b__bf16,C:\Users\jerry\Desktop\lab\0311\0520\results\from_second_model\track_b\ds-llama-8b__bf16\init\redteam\baseline\ds-llama-8b\all_results_long.csv,absent_from_clean_csv
B::ds-llama-8b__bf16::init::11::299::40::a92e07c22c372422,B,init,ds-llama-8b__bf16,C:\Users\jerry\Desktop\lab\0311\0520\results\from_second_model\track_b\ds-llama-8b__bf16\init\redteam\baseline\ds-llama-8b\all_results_long.csv,absent_from_clean_csv
B::ds-llama-8b__bf16::init::12::143::40::d6b9b95d10a25efd,B,init,ds-llama-8b__bf16,C:\Users\jerry\Desktop\lab\0311\0520\results\from_second_model\track_b\ds-llama-8b__bf16\init\redteam\baseline\ds-llama-8b\all_results_long.csv,absent_from_clean_csv
B::ds-llama-8b__bf16::init::12::26::40::2bf60ac38eb9afe1,B,init,ds-llama-8b__bf16,C:\Users\jerry\Desktop\lab\0311\0520\results\from_second_model\track_b\ds-llama-8b__bf16\init\redteam\baseline\ds-llama-8b\all_results_long.csv,absent_from_clean_csv
B::ds-llama-8b__bf16::init::12::286::40::2077f515db927d8b,B,init,ds-llama-8b__bf16,C:\Users\jerry\Desktop\lab\0311\0520\results\from_second_model\track_b\ds-llama-8b__bf16\init\redteam\baseline\ds-llama-8b\all_results_long.csv,absent_from_clean_csv
B::ds-llama-8b__bf16::init::12::299::40::56df4f96a74e86e2,B,init,ds-llama-8b__bf16,C:\Users\jerry\Desktop\lab\0311\0520\results\from_second_model\track_b\ds-llama-8b__bf16\init\redteam\baseline\ds-llama-8b\all_results_long.csv,absent_from_clean_csv
B::ds-llama-8b__bf16::init::1::299::40::6ae9ffcaccfd4eb9,B,init,ds-llama-8b__bf16,C:\Users\jerry\Desktop\lab\0311\0520\results\from_second_model\track_b\ds-llama-8b__bf16\init\redteam\baseline\ds-llama-8b\all_results_long.csv,absent_from_clean_csv
B::ds-llama-8b__bf16::init::1::91::40::783b747127b45137,B,init,ds-llama-8b__bf16,C:\Users\jerry\Desktop\lab\0311\0520\results\from_second_model\track_b\ds-llama-8b__bf16\init\redteam\baseline\ds-llama-8b\all_results_long.csv,absent_from_clean_csv
B::ds-llama-8b__bf16::init::2::299::40::c1ba26763fac600c,B,init,ds-llama-8b__bf16,C:\Users\jerry\Desktop\lab\0311\0520\results\from_second_model\track_b\ds-llama-8b__bf16\init\redteam\baseline\ds-llama-8b\all_results_long.csv,absent_from_clean_csv
B::ds-llama-8b__bf16::init::3::26::40::ca259337c2154532,B,init,ds-llama-8b__bf16,C:\Users\jerry\Desktop\lab\0311\0520\results\from_second_model\track_b\ds-llama-8b__bf16\init\redteam\baseline\ds-llama-8b\all_results_long.csv,absent_from_clean_csv
B::ds-llama-8b__bf16::init::3::286::40::fdfc81e37063aac8,B,init,ds-llama-8b__bf16,C:\Users\jerry\Desktop\lab\0311\0520\results\from_second_model\track_b\ds-llama-8b__bf16\init\redteam\baseline\ds-llama-8b\all_results_long.csv,absent_from_clean_csv
B::ds-llama-8b__bf16::init::3::299::40::97e61f863a0d4401,B,init,ds-llama-8b__bf16,C:\Users\jerry\Desktop\lab\0311\0520\results\from_second_model\track_b\ds-llama-8b__bf16\init\redteam\baseline\ds-llama-8b\all_results_long.csv,absent_from_clean_csv
B::ds-llama-8b__bf16::init::3::91::40::cb32df10d81f84d8,B,init,ds-llama-8b__bf16,C:\Users\jerry\Desktop\lab\0311\0520\results\from_second_model\track_b\ds-llama-8b__bf16\init\redteam\baseline\ds-llama-8b\all_results_long.csv,absent_from_clean_csv
B::ds-llama-8b__bf16::init::4::156::40::274502e7a0687011,B,init,ds-llama-8b__bf16,C:\Users\jerry\Desktop\lab\0311\0520\results\from_second_model\track_b\ds-llama-8b__bf16\init\redteam\baseline\ds-llama-8b\all_results_long.csv,absent_from_clean_csv
B::ds-llama-8b__bf16::init::4::26::40::536c22ee863337c3,B,init,ds-llama-8b__bf16,C:\Users\jerry\Desktop\lab\0311\0520\results\from_second_model\track_b\ds-llama-8b__bf16\init\redteam\baseline\ds-llama-8b\all_results_long.csv,absent_from_clean_csv
B::ds-llama-8b__bf16::init::4::286::40::5c61bef3ab557cef,B,init,ds-llama-8b__bf16,C:\Users\jerry\Desktop\lab\0311\0520\results\from_second_model\track_b\ds-llama-8b__bf16\init\redteam\baseline\ds-llama-8b\all_results_long.csv,absent_from_clean_csv
B::ds-llama-8b__bf16::init::4::91::40::71ebec80b1b88570,B,init,ds-llama-8b__bf16,C:\Users\jerry\Desktop\lab\0311\0520\results\from_second_model\track_b\ds-llama-8b__bf16\init\redteam\baseline\ds-llama-8b\all_results_long.csv,absent_from_clean_csv
B::ds-llama-8b__bf16::init::6::26::40::49701a6c2077773d,B,init,ds-llama-8b__bf16,C:\Users\jerry\Desktop\lab\0311\0520\results\from_second_model\track_b\ds-llama-8b__bf16\init\redteam\baseline\ds-llama-8b\all_results_long.csv,absent_from_clean_csv
B::ds-llama-8b__bf16::init::6::299::40::f08bc5d2f61335bd,B,init,ds-llama-8b__bf16,C:\Users\jerry\Desktop\lab\0311\0520\results\from_second_model\track_b\ds-llama-8b__bf16\init\redteam\baseline\ds-llama-8b\all_results_long.csv,absent_from_clean_csv
B::ds-llama-8b__bf16::init::7::26::40::c98b7b68ed7f495a,B,init,ds-llama-8b__bf16,C:\Users\jerry\Desktop\lab\0311\0520\results\from_second_model\track_b\ds-llama-8b__bf16\init\redteam\baseline\ds-llama-8b\all_results_long.csv,absent_from_clean_csv
B::ds-llama-8b__bf16::init::7::299::40::e7f7f8eda12e71fa,B,init,ds-llama-8b__bf16,C:\Users\jerry\Desktop\lab\0311\0520\results\from_second_model\track_b\ds-llama-8b__bf16\init\redteam\baseline\ds-llama-8b\all_results_long.csv,absent_from_clean_csv
B::ds-llama-8b__bf16::init::7::312::40::61c748b906d48159,B,init,ds-llama-8b__bf16,C:\Users\jerry\Desktop\lab\0311\0520\results\from_second_model\track_b\ds-llama-8b__bf16\init\redteam\baseline\ds-llama-8b\all_results_long.csv,absent_from_clean_csv
B::ds-llama-8b__bf16::init::7::78::40::07789b8118c2d975,B,init,ds-llama-8b__bf16,C:\Users\jerry\Desktop\lab\0311\0520\results\from_second_model\track_b\ds-llama-8b__bf16\init\redteam\baseline\ds-llama-8b\all_results_long.csv,absent_from_clean_csv
B::ds-llama-8b__bf16::init::7::91::40::57f22e3275cd030a,B,init,ds-llama-8b__bf16,C:\Users\jerry\Desktop\lab\0311\0520\results\from_second_model\track_b\ds-llama-8b__bf16\init\redteam\baseline\ds-llama-8b\all_results_long.csv,absent_from_clean_csv
B::ds-llama-8b__bf16::init::8::26::40::54f9edfb9ae557c1,B,init,ds-llama-8b__bf16,C:\Users\jerry\Desktop\lab\0311\0520\results\from_second_model\track_b\ds-llama-8b__bf16\init\redteam\baseline\ds-llama-8b\all_results_long.csv,absent_from_clean_csv
B::ds-llama-8b__bf16::init::8::286::40::dabf4de1b7249717,B,init,ds-llama-8b__bf16,C:\Users\jerry\Desktop\lab\0311\0520\results\from_second_model\track_b\ds-llama-8b__bf16\init\redteam\baseline\ds-llama-8b\all_results_long.csv,absent_from_clean_csv
B::ds-llama-8b__bf16::init::8::299::40::9281749e2823a526,B,init,ds-llama-8b__bf16,C:\Users\jerry\Desktop\lab\0311\0520\results\from_second_model\track_b\ds-llama-8b__bf16\init\redteam\baseline\ds-llama-8b\all_results_long.csv,absent_from_clean_csv
B::ds-llama-8b__bf16::init::9::26::40::79c26bf5aa801513,B,init,ds-llama-8b__bf16,C:\Users\jerry\Desktop\lab\0311\0520\results\from_second_model\track_b\ds-llama-8b__bf16\init\redteam\baseline\ds-llama-8b\all_results_long.csv,absent_from_clean_csv
B::ds-llama-8b__bf16::init::9::299::40::04d2b6a4fae773b8,B,init,ds-llama-8b__bf16,C:\Users\jerry\Desktop\lab\0311\0520\results\from_second_model\track_b\ds-llama-8b__bf16\init\redteam\baseline\ds-llama-8b\all_results_long.csv,absent_from_clean_csv
B::ds-qwen-7b__bf16::init::12::351::40::cff063a7dcc0f4b7,B,init,ds-qwen-7b__bf16,C:\Users\jerry\Desktop\lab\0311\0520\results\from_second_model\track_b\ds-qwen-7b__bf16\init\redteam\baseline\ds-qwen-7b\all_results_long.csv,invalid_clean_row
B::gpt-oss-20b__bf16::focus::10::429::58::325740cc7470c314,B,focus,gpt-oss-20b__bf16,C:\Users\jerry\Desktop\lab\0311\0520\results\from_second_model\track_b\gpt-oss-20b__bf16\focus\redteam\baseline\gpt-oss-20b\all_results_long.csv,absent_from_clean_csv
B::gpt-oss-20b__bf16::focus::10::442::59::c1f6ee4dc1f55f79,B,focus,gpt-oss-20b__bf16,C:\Users\jerry\Desktop\lab\0311\0520\results\from_second_model\track_b\gpt-oss-20b__bf16\focus\redteam\baseline\gpt-oss-20b\all_results_long.csv,absent_from_clean_csv
B::gpt-oss-20b__bf16::focus::12::273::54::663847871bdd602d,B,focus,gpt-oss-20b__bf16,C:\Users\jerry\Desktop\lab\0311\0520\results\from_second_model\track_b\gpt-oss-20b__bf16\focus\redteam\baseline\gpt-oss-20b\all_results_long.csv,absent_from_clean_csv
B::gpt-oss-20b__bf16::focus::12::286::55::094bfe277ee2bfc6,B,focus,gpt-oss-20b__bf16,C:\Users\jerry\Desktop\lab\0311\0520\results\from_second_model\track_b\gpt-oss-20b__bf16\focus\redteam\baseline\gpt-oss-20b\all_results_long.csv,absent_from_clean_csv
B::gpt-oss-20b__bf16::focus::12::299::55::6dda86b063de7942,B,focus,gpt-oss-20b__bf16,C:\Users\jerry\Desktop\lab\0311\0520\results\from_second_model\track_b\gpt-oss-20b__bf16\focus\redteam\baseline\gpt-oss-20b\all_results_long.csv,absent_from_clean_csv
B::gpt-oss-20b__bf16::focus::12::312::55::16f79b92ca42ae37,B,focus,gpt-oss-20b__bf16,C:\Users\jerry\Desktop\lab\0311\0520\results\from_second_model\track_b\gpt-oss-20b__bf16\focus\redteam\baseline\gpt-oss-20b\all_results_long.csv,absent_from_clean_csv
B::gpt-oss-20b__bf16::focus::3::299::55::6dda86b063de7942,B,focus,gpt-oss-20b__bf16,C:\Users\jerry\Desktop\lab\0311\0520\results\from_second_model\track_b\gpt-oss-20b__bf16\focus\redteam\baseline\gpt-oss-20b\all_results_long.csv,absent_from_clean_csv
B::gpt-oss-20b__bf16::focus::3::312::55::16f79b92ca42ae37,B,focus,gpt-oss-20b__bf16,C:\Users\jerry\Desktop\lab\0311\0520\results\from_second_model\track_b\gpt-oss-20b__bf16\focus\redteam\baseline\gpt-oss-20b\all_results_long.csv,absent_from_clean_csv
B::gpt-oss-20b__bf16::focus::3::429::58::325740cc7470c314,B,focus,gpt-oss-20b__bf16,C:\Users\jerry\Desktop\lab\0311\0520\results\from_second_model\track_b\gpt-oss-20b__bf16\focus\redteam\baseline\gpt-oss-20b\all_results_long.csv,absent_from_clean_csv
B::gpt-oss-20b__bf16::focus::3::442::59::c1f6ee4dc1f55f79,B,focus,gpt-oss-20b__bf16,C:\Users\jerry\Desktop\lab\0311\0520\results\from_second_model\track_b\gpt-oss-20b__bf16\focus\redteam\baseline\gpt-oss-20b\all_results_long.csv,absent_from_clean_csv
B::gpt-oss-20b__bf16::focus::4::286::55::094bfe277ee2bfc6,B,focus,gpt-oss-20b__bf16,C:\Users\jerry\Desktop\lab\0311\0520\results\from_second_model\track_b\gpt-oss-20b__bf16\focus\redteam\baseline\gpt-oss-20b\all_results_long.csv,absent_from_clean_csv
B::gpt-oss-20b__bf16::focus::4::312::55::16f79b92ca42ae37,B,focus,gpt-oss-20b__bf16,C:\Users\jerry\Desktop\lab\0311\0520\results\from_second_model\track_b\gpt-oss-20b__bf16\focus\redteam\baseline\gpt-oss-20b\all_results_long.csv,absent_from_clean_csv
B::gpt-oss-20b__bf16::focus::4::442::59::c1f6ee4dc1f55f79,B,focus,gpt-oss-20b__bf16,C:\Users\jerry\Desktop\lab\0311\0520\results\from_second_model\track_b\gpt-oss-20b__bf16\focus\redteam\baseline\gpt-oss-20b\all_results_long.csv,absent_from_clean_csv
B::gpt-oss-20b__bf16::focus::5::117::53::b1681abc4fcb43e2,B,focus,gpt-oss-20b__bf16,C:\Users\jerry\Desktop\lab\0311\0520\results\from_second_model\track_b\gpt-oss-20b__bf16\focus\redteam\baseline\gpt-oss-20b\all_results_long.csv,absent_from_clean_csv
B::gpt-oss-20b__bf16::focus::6::312::55::16f79b92ca42ae37,B,focus,gpt-oss-20b__bf16,C:\Users\jerry\Desktop\lab\0311\0520\results\from_second_model\track_b\gpt-oss-20b__bf16\focus\redteam\baseline\gpt-oss-20b\all_results_long.csv,absent_from_clean_csv
B::gpt-oss-20b__bf16::focus::8::299::55::6dda86b063de7942,B,focus,gpt-oss-20b__bf16,C:\Users\jerry\Desktop\lab\0311\0520\results\from_second_model\track_b\gpt-oss-20b__bf16\focus\redteam\baseline\gpt-oss-20b\all_results_long.csv,absent_from_clean_csv
B::gpt-oss-20b__bf16::focus::8::312::55::16f79b92ca42ae37,B,focus,gpt-oss-20b__bf16,C:\Users\jerry\Desktop\lab\0311\0520\results\from_second_model\track_b\gpt-oss-20b__bf16\focus\redteam\baseline\gpt-oss-20b\all_results_long.csv,absent_from_clean_csv
B::gpt-oss-20b__bf16::focus::9::299::55::6dda86b063de7942,B,focus,gpt-oss-20b__bf16,C:\Users\jerry\Desktop\lab\0311\0520\results\from_second_model\track_b\gpt-oss-20b__bf16\focus\redteam\baseline\gpt-oss-20b\all_results_long.csv,absent_from_clean_csv
B::gpt-oss-20b__bf16::focus::9::312::55::16f79b92ca42ae37,B,focus,gpt-oss-20b__bf16,C:\Users\jerry\Desktop\lab\0311\0520\results\from_second_model\track_b\gpt-oss-20b__bf16\focus\redteam\baseline\gpt-oss-20b\all_results_long.csv,absent_from_clean_csv
B::gpt-oss-20b__bf16::focus::9::442::59::c1f6ee4dc1f55f79,B,focus,gpt-oss-20b__bf16,C:\Users\jerry\Desktop\lab\0311\0520\results\from_second_model\track_b\gpt-oss-20b__bf16\focus\redteam\baseline\gpt-oss-20b\all_results_long.csv,absent_from_clean_csv
B::gpt-oss-20b__bf16::init::0::260::40::745260ab8d0fd47e,B,init,gpt-oss-20b__bf16,C:\Users\jerry\Desktop\lab\0311\0520\results\from_second_model\track_b\gpt-oss-20b__bf16\init\redteam\baseline\gpt-oss-20b\all_results_long.csv,absent_from_clean_csv
B::gpt-oss-20b__bf16::init::10::416::40::39436712902a3e68,B,init,gpt-oss-20b__bf16,C:\Users\jerry\Desktop\lab\0311\0520\results\from_second_model\track_b\gpt-oss-20b__bf16\init\redteam\baseline\gpt-oss-20b\all_results_long.csv,absent_from_clean_csv
B::gpt-oss-20b__bf16::init::1::0::40::8ecb9757e3b91c53,B,init,gpt-oss-20b__bf16,C:\Users\jerry\Desktop\lab\0311\0520\results\from_second_model\track_b\gpt-oss-20b__bf16\init\redteam\baseline\gpt-oss-20b\all_results_long.csv,absent_from_clean_csv
B::gpt-oss-20b__bf16::init::2::104::40::17ce9b98fadb7b0e,B,init,gpt-oss-20b__bf16,C:\Users\jerry\Desktop\lab\0311\0520\results\from_second_model\track_b\gpt-oss-20b__bf16\init\redteam\baseline\gpt-oss-20b\all_results_long.csv,absent_from_clean_csv
B::gpt-oss-20b__bf16::init::2::78::40::ffb51864d30d038c,B,init,gpt-oss-20b__bf16,C:\Users\jerry\Desktop\lab\0311\0520\results\from_second_model\track_b\gpt-oss-20b__bf16\init\redteam\baseline\gpt-oss-20b\all_results_long.csv,absent_from_clean_csv
B::gpt-oss-20b__bf16::init::3::0::40::8ecb9757e3b91c53,B,init,gpt-oss-20b__bf16,C:\Users\jerry\Desktop\lab\0311\0520\results\from_second_model\track_b\gpt-oss-20b__bf16\init\redteam\baseline\gpt-oss-20b\all_results_long.csv,absent_from_clean_csv
B::gpt-oss-20b__bf16::init::3::78::40::ffb51864d30d038c,B,init,gpt-oss-20b__bf16,C:\Users\jerry\Desktop\lab\0311\0520\results\from_second_model\track_b\gpt-oss-20b__bf16\init\redteam\baseline\gpt-oss-20b\all_results_long.csv,absent_from_clean_csv
B::gpt-oss-20b__bf16::init::5::156::40::817cf1062c0e5237,B,init,gpt-oss-20b__bf16,C:\Users\jerry\Desktop\lab\0311\0520\results\from_second_model\track_b\gpt-oss-20b__bf16\init\redteam\baseline\gpt-oss-20b\all_results_long.csv,absent_from_clean_csv
B::gpt-oss-20b__bf16::init::9::0::40::8ecb9757e3b91c53,B,init,gpt-oss-20b__bf16,C:\Users\jerry\Desktop\lab\0311\0520\results\from_second_model\track_b\gpt-oss-20b__bf16\init\redteam\baseline\gpt-oss-20b\all_results_long.csv,absent_from_clean_csv
B::gpt-oss-20b__bf16::init::9::468::40::f107ff98b7fffe8a,B,init,gpt-oss-20b__bf16,C:\Users\jerry\Desktop\lab\0311\0520\results\from_second_model\track_b\gpt-oss-20b__bf16\init\redteam\baseline\gpt-oss-20b\all_results_long.csv,absent_from_clean_csv
